Event,SwimmerName,Time,Cut
50 Free,Jordan Crooks,17.85,NCAA A
50 Free,Josh Liendo,18.26,NCAA A
50 Free,Gui SANTOS,18.42,NCAA A
50 Free,Ilya Kharun,18.51,NCAA A
50 Free,Chris Guiliano,18.61,NCAA A
50 Free,Quintin McCarty,18.63,NCAA A
50 Free,Jonny Kulow,18.64,NCAA A
50 Free,Jere Hribar,18.65,NCAA A
50 Free,Connor Foote,18.67,NCAA A
50 Free,Jack Alexy,18.71,NCAA A
50 Free,Scotty Buff,18.73,USNTL
50 Free,Matthew Klinge,18.78,USNTL
50 Free,Alexander Painter,18.80,USNTL
50 Free,Tai Torepe-Ormsby,18.81,NCAA B
50 Free,Lamar Taylor,18.82,USNTL
50 Free,Remi FABIANI,18.82,NCAA B
50 Free,Jerry Fox,18.83,USNTL
50 Free,Tyler Ray,18.83,USNTL
50 Free,Bjorn Seeliger,18.86,NCAA B
50 Free,Tommy Palmer,18.87,NCAA B
50 Free,Brendan Whitfield,18.89,USNTL
50 Free,Matt King,18.92,USNTL
50 Free,Drew Salls,18.96,USNTL
50 Free,Daniel Baltes,18.96,USNTL
50 Free,Ben Scholl,18.97,USNTL
50 Free,Mario McDonald,18.97,USNTL
50 Free,Karol Ostrowski,18.99,NCAA B
50 Free,Julian Smith,19.00,USNTL
50 Free,Luke Nebrich,19.02,NCAA B
50 Free,Ed Fullum-Huot,19.02,USNTL
50 Free,Nikoli Blackman,19.05,USNTL
50 Free,Sam Bork,19.06,NCAA B
50 Free,Logan Tirheimer,19.06,NCAA B
50 Free,Bence Szabados,19.06,USNTL
50 Free,Mikkel LEE,19.07,USNTL
50 Free,Nick Finch,19.07,NCAA B
50 Free,Martin KARTAVI,19.08,USNTL
50 Free,Tolu Young,19.09,NCAA B
50 Free,Youssef Ramadan,19.10,USNTL
50 Free,Matej Duša,19.11,USNTL
50 Free,Finn Brooks,19.12,USNTL
50 Free,Lucca Battaglini,19.15,NCAA B
50 Free,Luke Barr,19.15,USNTL
50 Free,Jack Aikins,19.18,USNTL
50 Free,PJ Foy,19.18,USNTL
50 Free,Alex Santiago,19.18,NCAA B
50 Free,Dalton Lowe,19.19,USNTL
50 Free,Felix Jedbratt,19.20,NCAA B
50 Free,Donat Fabian,19.20,USNTL
50 Free,Wells Walker,19.21,USNTL
100 Free,Jordan Crooks,40.26,NCAA A
100 Free,Josh Liendo,40.45,NCAA A
100 Free,Gui SANTOS,40.85,NCAA A
100 Free,Jonny Kulow,40.97,NCAA A
100 Free,Ilya Kharun,41.03,NCAA A
100 Free,Chris Guiliano,41.13,NCAA A
100 Free,Jack Alexy,41.19,NCAA A
100 Free,Remi FABIANI,41.23,NCAA A
100 Free,Jere Hribar,41.25,NCAA A
100 Free,Julian Smith,41.34,NCAA A
100 Free,Connor Foote,41.38,USNTL
100 Free,Kaii Winkler,41.39,USNTL
100 Free,Patrick Sammon,41.39,NCAA B
100 Free,Alexander Painter,41.41,USNTL
100 Free,Quintin McCarty,41.45,USNTL
100 Free,Tomas Navikonis,41.55,USNTL
100 Free,Tomas Lukminas,41.56,NCAA B
100 Free,Brendan Whitfield,41.60,USNTL
100 Free,Owen McDonald,41.62,USNTL
100 Free,Jerry Fox,41.65,USNTL
100 Free,Michel Arkhangelskiy,41.68,NCAA B
100 Free,Andres Dupont,41.72,NCAA B
100 Free,Matt King,41.73,USNTL
100 Free,Gal COHEN GROUMI,41.75,USNTL
100 Free,Matt Jensen,41.77,NCAA B
100 Free,Bjorn Seeliger,41.77,NCAA B
100 Free,Nikoli Blackman,41.84,USNTL
100 Free,Dylan Smiley,41.85,USNTL
100 Free,Tai Torepe-Ormsby,41.91,NCAA B
100 Free,Luca Urlando,41.92,NCAA B
100 Free,Kaique Alves,41.92,NCAA B
100 Free,PEDRO SANSONE TEIXEIRA DE ANDRADE,41.92,USNTL
100 Free,Stepan Goncharov,41.95,USNTL
100 Free,Youssef Ramadan,41.95,USNTL
100 Free,Alex Santiago,41.95,NCAA B
100 Free,Lamar Taylor,41.97,USNTL
100 Free,Vili Sivec,41.98,NCAA B
100 Free,Rafael Miroslaw,41.99,USNTL
100 Free,Andrei Minakov,42.00,NCAA B
100 Free,Tommy Palmer,42.00,NCAA B
100 Free,Brady Samuels,42.01,NCAA B
100 Free,Nans MAZELLIER,42.07,NCAA B
100 Free,Will Modglin,42.08,USNTL
100 Free,Reese Branzell,42.08,NCAA B
100 Free,Toni Dragoja,42.10,NCAA B
100 Free,Jack Aikins,42.13,USNTL
100 Free,Micah Chambers,42.14,USNTL
100 Free,Ed Fullum-Huot,42.15,USNTL
100 Free,Charlie Hawke,42.16,NCAA B
100 Free,Patrick Dinu,42.16,NCAA B
200 Free,Jordan Crooks,90.00,NCAA A
200 Free,Luke Hobson,90.23,NCAA A
200 Free,Chris Guiliano,90.31,NCAA A
200 Free,Charlie Hawke,90.44,NCAA A
200 Free,Tomas Koski,90.70,NCAA A
200 Free,Tomas Navikonis,91.01,NCAA A
200 Free,Alexander Painter,91.13,NCAA A
200 Free,Henry McFadden,91.30,NCAA B
200 Free,Ralph DALEIDEN,91.48,NCAA B
200 Free,Gal COHEN GROUMI,91.57,USNTL
200 Free,Patrick Sammon,91.57,NCAA B
200 Free,Rex Maurer,91.59,USNTL
200 Free,Mitchell Schott,91.63,NCAA B
200 Free,Patrick Hussey,91.68,USNTL
200 Free,Kaique Alves,91.78,NCAA B
200 Free,Danny Schmidt,91.80,NCAA B
200 Free,Luca Urlando,91.81,NCAA B
200 Free,Destin Lasco,91.85,NCAA B
200 Free,Noah Millard,91.86,NCAA B
200 Free,Murilo STEIN SARTORI,91.87,USNTL
200 Free,Robin Hanson,91.87,NCAA B
200 Free,Jake Mitchell,91.88,USNTL
200 Free,Camden Taylor,91.88,USNTL
200 Free,David King,91.92,USNTL
200 Free,Rafael Miroslaw,91.94,USNTL
200 Free,Guy Brooks,91.96,USNTL
200 Free,Nans MAZELLIER,92.00,NCAA B
200 Free,Lucas Henveaux,92.04,NCAA B
200 Free,Nikoli Blackman,92.12,USNTL
200 Free,Gabriel Jett,92.13,NCAA B
200 Free,Toni Dragoja,92.19,NCAA B
200 Free,Tomas Lukminas,92.22,NCAA B
200 Free,Kaii Winkler,92.23,USNTL
200 Free,Tiago Behar,92.25,NCAA B
200 Free,Coby Carrozza,92.27,USNTL
200 Free,Luis Dominguez,92.37,USNTL
200 Free,Sebastien Sergile,92.38,USNTL
200 Free,Andrei Minakov,92.38,NCAA B
200 Free,Jonny Kulow,92.41,NCAA B
200 Free,Brady Samuels,92.52,NCAA B
200 Free,Eitan BEN SHITRIT,92.63,USNTL
200 Free,Jovan Lekic,92.65,USNTL
200 Free,Oliver Sogaard-Andersen,92.66,NCAA B
200 Free,Trent Frandson,92.70,NCAA B
200 Free,Daniel Diehl,92.75,USNTL
200 Free,Jacob Wimberly,92.86,USNTL
200 Free,Jere Hribar,92.91,USNTL
200 Free,Dylan Felt,92.96,NCAA B
200 Free,Keaton Jones,92.97,NCAA B
200 Free,Andres Dupont,92.98,NCAA B
500 Free,Rex Maurer,244.45,NCAA A
500 Free,Noah Millard,247.68,NCAA A
500 Free,Tomas Koski,248.25,NCAA A
500 Free,Jake Magahey,248.61,NCAA A
500 Free,Lucas Henveaux,248.83,NCAA A
500 Free,David Johnston,249.41,NCAA A
500 Free,Charlie Hawke,249.75,NCAA A
500 Free,Gabriel Jett,250.27,NCAA A
500 Free,Coby Carrozza,250.70,USNTL
500 Free,Jake Mitchell,250.72,USNTL
500 Free,Carson Hick,250.89,USNTL
500 Free,Mason Mathias,251.03,NCAA B
500 Free,Gio Linscheer,251.03,USNTL
500 Free,Zalán Sarkany,251.62,USNTL
500 Free,Luke Hobson,251.68,USNTL
500 Free,Jovan Lekic,252.26,USNTL
500 Free,Henry McFadden,252.33,NCAA B
500 Free,Tyler Kopp,252.46,NCAA B
500 Free,Manning Haskal,252.69,USNTL
500 Free,Eduardo Oliveira Moraes,252.72,USNTL
500 Free,Bar Soloveychik,252.83,USNTL
500 Free,Jackson Huckabay,253.06,USNTL
500 Free,Josh Staples,253.28,USNTL
500 Free,Yoav Romano,253.37,NCAA B
500 Free,David King,253.43,USNTL
500 Free,Oskar Lindholm,253.47,USNTL
500 Free,Eric Brown,253.66,USNTL
500 Free,Alexander Axon,253.77,USNTL
500 Free,Cooper Lucas,253.77,USNTL
500 Free,Owen Lloyd,254.13,USNTL
500 Free,Chase Mueller,254.16,USNTL
500 Free,Michael Bonson,254.18,NCAA B
500 Free,Lance Norris,254.22,USNTL
500 Free,Daniel Matheson,254.37,NCAA B
500 Free,Kyle Ponsler,254.42,USNTL
500 Free,Oliver Sogaard-Andersen,254.74,NCAA B
500 Free,Luca Urlando,254.97,NCAA B
500 Free,Leonardo Alcantara,255.19,NCAA B
500 Free,Lorne Wigginton,255.25,USNTL
500 Free,Patrick Hussey,255.35,USNTL
500 Free,Levi Sandidge,255.39,USNTL
500 Free,Jack Henry Forrest,255.46,NCAA B
500 Free,Sam Powe,255.47,NCAA B
500 Free,Jones Lambert,255.47,NCAA B
500 Free,Gregg Enoch,255.53,USNTL
500 Free,Jordi Vilchez,255.68,USNTL
500 Free,Murilo STEIN SARTORI,255.70,USNTL
500 Free,Jack Hoagland,255.74,NCAA B
500 Free,Mitchell Schott,255.76,NCAA B
500 Free,Alex Metzler,255.78,USNTL
100 Back,Jonny Marshall,43.73,NCAA A
100 Back,Will Modglin,43.91,NCAA A
100 Back,Hubert KOS,44.03,NCAA A
100 Back,Owen McDonald,44.38,NCAA A
100 Back,Michel Arkhangelskiy,44.49,NCAA B
100 Back,Johnny Crush,44.53,NCAA B
100 Back,Gabriel Jett,44.54,NCAA B
100 Back,Harrison Lierz,44.76,USNTL
100 Back,Max Wilson,44.82,NCAA B
100 Back,Evan Petty,44.97,NCAA B
100 Back,Quintin McCarty,44.99,USNTL
100 Back,Jack Wadsworth,45.01,NCAA B
100 Back,Kyle Peck,45.02,USNTL
100 Back,Luke Barr,45.02,USNTL
100 Back,Miroslav Knedla,45.02,USNTL
100 Back,Ruard Van Renen,45.03,NCAA B
100 Back,Nate Stoffle,45.04,NCAA B
100 Back,Aaron Sequeira,45.06,NCAA B
100 Back,Youssef Ramadan,45.07,USNTL
100 Back,Stuart Seymour,45.07,USNTL
100 Back,David King,45.11,USNTL
100 Back,Grant Bochenski,45.12,NCAA B
100 Back,Hudson Williams,45.15,USNTL
100 Back,Mewen Tomac,45.16,NCAA B
100 Back,Destin Lasco,45.23,NCAA B
100 Back,Scotty Buff,45.23,USNTL
100 Back,Walker Davis,45.24,USNTL
100 Back,David Gerchik,45.25,USNTL
100 Back,Mason Herbet,45.26,NCAA B
100 Back,Pietro Ubertalli,45.29,NCAA B
100 Back,Gavin Wight,45.30,USNTL
100 Back,Lucien Vergnes,45.32,NCAA B
100 Back,Ilya Kharun,45.33,NCAA B
100 Back,Luca Urlando,45.34,NCAA B
100 Back,Jack Wilkening,45.34,USNTL
100 Back,Rex Maurer,45.36,USNTL
100 Back,Stepan Goncharov,45.39,USNTL
100 Back,Remi FABIANI,45.40,NCAA B
100 Back,Jack Aikins,45.43,USNTL
100 Back,Matthew Bittner,45.48,NCAA B
100 Back,Spencer Nicholas,45.49,USNTL
100 Back,Bjorn Seeliger,45.55,NCAA B
100 Back,Mario Molla Yanes,45.59,USNTL
100 Back,Cooper Morley,45.61,NCAA B
100 Back,Cornelius Jahn,45.62,USNTL
100 Back,Kai Van Westering,45.64,USNTL
100 Back,Ryan Hardy,45.64,NCAA B
100 Back,Cheuk Yin (Wesley) NG,45.69,NCAA B
100 Back,Tommy Hagar,45.70,NCAA B
100 Back,Berke Saka,45.74,NCAA B
200 Back,Jonny Marshall,95.85,NCAA A
200 Back,Hubert KOS,96.10,NCAA A
200 Back,Owen McDonald,97.15,NCAA A
200 Back,Gabriel Jett,97.19,NCAA A
200 Back,Will Modglin,97.84,NCAA A
200 Back,Luca Urlando,98.18,NCAA A
200 Back,Destin Lasco,98.21,NCAA A
200 Back,Rex Maurer,98.27,NCAA A
200 Back,David King,98.36,NCAA A
200 Back,Michel Arkhangelskiy,98.50,NCAA A
200 Back,Oleksandr ZHELTYAKOV,98.78,NCAA A
200 Back,Pietro Ubertalli,98.99,NCAA B
200 Back,Kai Van Westering,99.24,USNTL
200 Back,Miroslav Knedla,99.26,USNTL
200 Back,Nate Stoffle,99.36,NCAA B
200 Back,Kyle Peck,99.36,USNTL
200 Back,Cornelius Jahn,99.50,USNTL
200 Back,Aaron Sequeira,99.54,NCAA B
200 Back,Daniel Diehl,99.62,USNTL
200 Back,Joshua Zuchowski,99.71,NCAA B
200 Back,Keaton Jones,99.76,NCAA B
200 Back,Tommy Hagar,99.77,NCAA B
200 Back,Jack Aikins,99.84,USNTL
200 Back,Ruard Van Renen,99.92,NCAA B
200 Back,Mewen Tomac,99.99,NCAA B
200 Back,Filip Kosinski,99.99,USNTL
200 Back,Aiden Norman,100.02,USNTL
200 Back,Ben Irwin,100.04,B
200 Back,Caleb Maldari,100.05,USNTL
200 Back,Berke Saka,100.07,NCAA B
200 Back,Filip Suchanski,100.13,NCAA B
200 Back,JT Ewing,100.13,USNTL
200 Back,Ziyad Saleem,100.18,NCAA B
200 Back,Sam Powe,100.24,NCAA B
200 Back,Johnny Crush,100.28,NCAA B
200 Back,Anthony Rincon,100.32,NCAA B
200 Back,Jack Wilkening,100.34,USNTL
200 Back,Jack Berube,100.37,NCAA B
200 Back,Hunter Gubeno,100.38,NCAA B
200 Back,Drew Huston,100.39,NCAA B
200 Back,Harrison Lierz,100.48,USNTL
200 Back,Humberto Najera,100.49,NCAA B
200 Back,Levente Balogh,100.55,USNTL
200 Back,Eric Stelmar,100.61,NCAA B
200 Back,Griffin Curtis,100.69,USNTL
200 Back,Andrew Rich,100.70,NCAA B
200 Back,Nick Simons,100.77,USNTL
200 Back,Mario Molla Yanes,100.78,USNTL
200 Back,Will Meyers,100.81,NCAA B
200 Back,JT Schmid,100.84,USNTL
100 Breast,Julian Smith,49.51,NCAA A
100 Breast,Finn Brooks,49.94,NCAA A
100 Breast,Nate Germonprez,50.14,NCAA A
100 Breast,Jack Kelly,50.60,NCAA A
100 Breast,Denis PETRASHOV,50.62,NCAA A
100 Breast,Brian Benzing,50.73,NCAA A
100 Breast,Carles COLL MARTI,50.78,NCAA A
100 Breast,Yamato Okadome,50.87,NCAA A
100 Breast,Josh Matheny,50.94,NCAA A
100 Breast,Caspar Corbeau,50.97,NCAA A
100 Breast,Ron Polonsky,50.99,NCAA A
100 Breast,Will Scholtz,51.03,USNTL
100 Breast,Jassen Yep,51.10,USNTL
100 Breast,Aleksas Savickas,51.15,USNTL
100 Breast,Matvei Namakonov,51.16,NCAA B
100 Breast,Luke Barr,51.17,USNTL
100 Breast,Kohen Rankin,51.26,NCAA B
100 Breast,Zhier Fan,51.28,NCAA B
100 Breast,Noah Nichols,51.32,USNTL
100 Breast,Kaique Alves,51.37,NCAA B
100 Breast,Ben Delmar,51.44,USNTL
100 Breast,Matt Fallon,51.46,USNTL
100 Breast,Kevin Houseman,51.48,USNTL
100 Breast,Jake Eccleston,51.49,USNTL
100 Breast,Uros Zivanovic,51.53,NCAA B
100 Breast,Ozan Kalafat,51.53,USNTL
100 Breast,Mitch Mason,51.55,USNTL
100 Breast,Junhao Chan,51.56,NCAA B
100 Breast,Travis Gulledge,51.56,USNTL
100 Breast,Andy Dobrzanski,51.58,NCAA B
100 Breast,Daniel Nicusan,51.58,NCAA B
100 Breast,Watson Nguyen,51.61,USNTL
100 Breast,Henry Bethel,51.62,NCAA B
100 Breast,Hank Rivers,51.63,NCAA B
100 Breast,Tonislav Sabev,51.69,NCAA B
100 Breast,Adomas Gatulis,51.71,USNTL
100 Breast,Sam Hoover,51.72,USNTL
100 Breast,Luca PG PUSATERI-GISSENDANER,51.75,NCAA B
100 Breast,Alexei Avakov,51.79,USNTL
100 Breast,Tommaso BARAVELLI,51.80,NCAA B
100 Breast,Jadon Wuilliez,51.84,NCAA B
100 Breast,Demirkan DEMIR,51.85,NCAA B
100 Breast,Alex Sanchez,51.87,USNTL
100 Breast,Xavier Ruiz,51.89,USNTL
100 Breast,Volodymyr Lisovets,51.89,USNTL
100 Breast,Trey Sheils,51.91,NCAA B
100 Breast,Rick Mihm,51.95,NCAA B
100 Breast,Leandro Odorici,51.97,NCAA B
100 Breast,Chris O'Grady,52.08,NCAA B
100 Breast,Ben Dillard,52.11,NCAA B
200 Breast,Matt Fallon,108.85,NCAA A
200 Breast,Carles COLL MARTI,109.62,NCAA A
200 Breast,Jack Kelly,109.80,NCAA A
200 Breast,Josh Matheny,109.83,NCAA A
200 Breast,Jassen Yep,109.93,NCAA A
200 Breast,Aleksas Savickas,110.02,NCAA A
200 Breast,Yamato Okadome,110.19,NCAA A
200 Breast,Denis PETRASHOV,110.35,NCAA A
200 Breast,Nate Germonprez,110.55,NCAA A
200 Breast,Jake Eccleston,111.03,USNTL
200 Breast,Will Scholtz,111.04,USNTL
200 Breast,Hank Rivers,111.23,NCAA B
200 Breast,Ben Delmar,111.29,USNTL
200 Breast,Caspar Corbeau,111.65,USNTL
200 Breast,Toby Barnett,111.73,USNTL
200 Breast,Alex Sanchez,111.87,USNTL
200 Breast,Andy Dobrzanski,111.93,NCAA B
200 Breast,Chris O'Grady,112.07,NCAA B
200 Breast,Ben Dillard,112.09,NCAA B
200 Breast,Brayden Taivassalo,112.20,USNTL
200 Breast,Jed Garner,112.30,USNTL
200 Breast,Oscar Bilbao,112.31,NCAA B
200 Breast,Ron Polonsky,112.36,NCAA B
200 Breast,Tommaso BARAVELLI,112.37,NCAA B
200 Breast,Daniel Li,112.60,NCAA B
200 Breast,Joe Polyak,112.67,USNTL
200 Breast,Xavier Ruiz,112.74,USNTL
200 Breast,Josh Corn,112.89,NCAA B
200 Breast,Noah Nichols,112.96,USNTL
200 Breast,Junhao Chan,112.99,NCAA B
200 Breast,Peter Bretzmann,113.08,USNTL
200 Breast,Peter Whittington,113.09,USNTL
200 Breast,Ozan Kalafat,113.10,USNTL
200 Breast,Watson Nguyen,113.12,USNTL
200 Breast,Daniel Nicusan,113.15,NCAA B
200 Breast,Baylor Nelson,113.24,USNTL
200 Breast,Logan Brown,113.37,USNTL
200 Breast,Matthew Heilman,113.56,USNTL
200 Breast,Trey Sheils,113.59,NCAA B
200 Breast,Evan Yoo,113.64,NCAA B
200 Breast,Tommy Bried,113.65,USNTL
200 Breast,Luke Vickers,113.71,USNTL
200 Breast,Charlie Egeland,113.74,NCAA B
200 Breast,Ethan Dang,113.74,NCAA B
200 Breast,Max MATTEAZZI,113.81,USNTL
200 Breast,Travis Gulledge,113.89,USNTL
200 Breast,Tristan Jankovics,113.93,USNTL
200 Breast,Tavner Wisdom,113.95,NCAA B
200 Breast,Brian Benzing,113.97,USNTL
200 Breast,Demirkan DEMIR,113.97,NCAA B
100 Fly,Josh Liendo,43.23,NCAA A
100 Fly,Luca Urlando,43.62,NCAA A
100 Fly,Jordan Crooks,43.77,NCAA A
100 Fly,Ilya Kharun,43.85,NCAA A
100 Fly,Hubert KOS,44.05,NCAA A
100 Fly,Andrei Minakov,44.27,NCAA A
100 Fly,Scotty Buff,44.28,NCAA A
100 Fly,Tyler Ray,44.28,NCAA A
100 Fly,Connor Foote,44.34,NCAA A
100 Fly,Michel Arkhangelskiy,44.36,NCAA A
100 Fly,Spencer Nicholas,44.41,NCAA A
100 Fly,Dare Rose,44.55,NCAA B
100 Fly,Nick Finch,44.57,NCAA B
100 Fly,Finn Brooks,44.59,USNTL
100 Fly,Mario Molla Yanes,44.63,USNTL
100 Fly,Harrison Lierz,44.67,USNTL
100 Fly,Youssef Ramadan,44.68,USNTL
100 Fly,Kyle Peck,44.74,USNTL
100 Fly,Tomer Frankel,44.74,USNTL
100 Fly,Gui SANTOS,44.76,USNTL
100 Fly,Luke Miller,44.86,USNTL
100 Fly,PJ Foy,44.91,USNTL
100 Fly,Filip Senc-Samardzic,44.93,NCAA B
100 Fly,Haakon Naughton,44.94,NCAA B
100 Fly,Boyd Poelke,44.94,USNTL
100 Fly,Felix Jedbratt,44.97,NCAA B
100 Fly,Tommy Palmer,45.00,NCAA B
100 Fly,Rafael Gu,45.02,NCAA B
100 Fly,Aaron Sequeira,45.07,NCAA B
100 Fly,Colin Geer,45.10,USNTL
100 Fly,Brady Samuels,45.10,NCAA B
100 Fly,Bjorn Kammann,45.12,USNTL
100 Fly,Will Hayon,45.12,USNTL
100 Fly,Dylan Smiley,45.20,USNTL
100 Fly,Jacob Johnson,45.21,USNTL
100 Fly,Gal COHEN GROUMI,45.29,USNTL
100 Fly,Alex Santiago,45.30,NCAA B
100 Fly,Dalton Lowe,45.30,USNTL
100 Fly,Matthew Klinge,45.39,USNTL
100 Fly,Michal Chmielewski,45.40,NCAA B
100 Fly,Sam Bork,45.42,NCAA B
100 Fly,Martin Espernberger,45.43,USNTL
100 Fly,Kuba Kwaśny,45.50,NCAA B
100 Fly,Jordan Tiffany,45.52,USNTL
100 Fly,Rian Graham,45.53,USNTL
100 Fly,Sonny Wang,45.53,NCAA B
100 Fly,aidan paro,45.55,USNTL
100 Fly,Seb Lunak,45.56,USNTL
100 Fly,Sebastian Smith,45.60,NCAA B
100 Fly,Vili Sivec,45.61,NCAA B
200 Fly,Luca Urlando,97.17,NCAA A
200 Fly,Ilya Kharun,98.74,NCAA A
200 Fly,Andrei Minakov,99.03,NCAA A
200 Fly,Josh Liendo,99.14,NCAA A
200 Fly,Martin Espernberger,99.34,NCAA A
200 Fly,Dare Rose,99.47,NCAA A
200 Fly,Colin Geer,99.58,NCAA A
200 Fly,Jake Magahey,99.91,NCAA A
200 Fly,Gabriel Jett,100.06,NCAA B
200 Fly,Seb Lunak,100.12,USNTL
200 Fly,Bjorn Kammann,100.18,USNTL
200 Fly,Logan Robinson,100.34,NCAA B
200 Fly,Frank Applebaum,100.39,NCAA B
200 Fly,Mitchell Schott,100.42,NCAA B
200 Fly,Danny Schmidt,100.43,NCAA B
200 Fly,Jacob Johnson,100.47,USNTL
200 Fly,David Schmitt,100.52,NCAA B
200 Fly,Haakon Naughton,100.55,NCAA B
200 Fly,Tyler Ray,100.55,USNTL
200 Fly,Krzysztof Chmielewski,100.72,NCAA B
200 Fly,Ryan Merani,100.82,USNTL
200 Fly,Ryan BRANON,100.89,USNTL
200 Fly,Tomer Frankel,100.94,USNTL
200 Fly,Logan Walker,101.01,USNTL
200 Fly,Cooper Lucas,101.08,USNTL
200 Fly,Drew Hitchcock,101.09,NCAA B
200 Fly,Landon Gentry,101.10,USNTL
200 Fly,Jan Zubik,101.14,NCAA B
200 Fly,Michal Chmielewski,101.18,NCAA B
200 Fly,Charlie Jones,101.29,NCAA B
200 Fly,Colin Whelehan,101.45,USNTL
200 Fly,Saldo Saldo,101.65,USNTL
200 Fly,Diego Nosack,101.66,USNTL
200 Fly,Gibson Holmes,101.79,NCAA B
200 Fly,Gregg Enoch,101.81,USNTL
200 Fly,Tommy Bried,101.93,USNTL
200 Fly,Patrick Hussey,101.94,USNTL
200 Fly,Hayden Bellotti,101.97,USNTL
200 Fly,Coby Carrozza,101.99,USNTL
200 Fly,Arthur Balva,101.99,NCAA B
200 Fly,Joshua Zuchowski,102.04,NCAA B
200 Fly,Filip Senc-Samardzic,102.08,NCAA B
200 Fly,Matt Fenlon,102.11,NCAA B
200 Fly,Mason Mathias,102.14,NCAA B
200 Fly,Henry McFadden,102.20,NCAA B
200 Fly,Youssef Ramadan,102.22,USNTL
200 Fly,Joseph Gurski,102.24,NCAA B
200 Fly,Boyd Poelke,102.32,USNTL
200 Fly,Raekwon Noel,102.35,USNTL
200 Fly,Louis Dramm,102.43,USNTL
200 IM,Julian Smith,99.38,NCAA A
200 IM,Owen McDonald,99.89,NCAA A
200 IM,Gal COHEN GROUMI,100.34,NCAA A
200 IM,Hubert KOS,100.51,NCAA A
200 IM,Luke Barr,100.62,NCAA A
200 IM,Will Modglin,100.64,NCAA A
200 IM,Colin Geer,100.65,NCAA A
200 IM,Carles COLL MARTI,100.95,USNTL
200 IM,Tristan Jankovics,101.09,USNTL
200 IM,Daniel Diehl,101.39,USNTL
200 IM,Rex Maurer,101.41,USNTL
200 IM,Danny Schmidt,101.42,NCAA B
200 IM,Baylor Nelson,101.43,USNTL
200 IM,Mitchell Schott,101.44,NCAA B
200 IM,Luca Urlando,101.46,NCAA B
200 IM,Camden Taylor,101.58,USNTL
200 IM,Ron Polonsky,101.66,NCAA B
200 IM,Destin Lasco,101.68,NCAA B
200 IM,Berke Saka,101.70,NCAA B
200 IM,Chris Morris,101.78,NCAA B
200 IM,Louis Dramm,101.84,USNTL
200 IM,Ben Sampson,101.88,USNTL
200 IM,Gabriel Jett,101.89,NCAA B
200 IM,Nate Germonprez,102.24,USNTL
200 IM,Rick Mihm,102.24,NCAA B
200 IM,Miroslav Knedla,102.35,USNTL
200 IM,Sebastien Sergile,102.40,USNTL
200 IM,Tyler Lu,102.49,USNTL
200 IM,Luke Maurer,102.57,NCAA B
200 IM,Gibson Holmes,102.65,NCAA B
200 IM,Spencer Nicholas,102.67,USNTL
200 IM,Marton Nagy,102.69,NCAA B
200 IM,Eitan BEN SHITRIT,102.71,USNTL
200 IM,Ryan Merani,102.80,USNTL
200 IM,Cale Martter,102.93,NCAA B
200 IM,Mewen Tomac,102.96,NCAA B
200 IM,Will Scholtz,102.97,USNTL
200 IM,Jassen Yep,102.98,USNTL
200 IM,Jake Magahey,102.99,NCAA B
200 IM,Brian Benzing,103.01,USNTL
200 IM,Kyle Brill,103.02,NCAA B
200 IM,Toby Barnett,103.13,USNTL
200 IM,Drew Hitchcock,103.20,NCAA B
200 IM,Michael Hochwalt,103.29,NCAA B
200 IM,Durgan McKean,103.33,NCAA B
200 IM,Max MATTEAZZI,103.34,USNTL
200 IM,Colin Whelehan,103.37,USNTL
200 IM,Mason Laur,103.37,USNTL
200 IM,Mason Herbet,103.41,NCAA B
200 IM,Tommy Hagar,103.46,NCAA B
400 IM,Rex Maurer,214.19,NCAA A
400 IM,Tristan Jankovics,215.51,NCAA A
400 IM,Baylor Nelson,217.47,NCAA A
400 IM,Jake Magahey,217.89,NCAA A
400 IM,Gio Linscheer,218.46,USNTL
400 IM,Cooper Lucas,219.02,USNTL
400 IM,David Johnston,219.07,USNTL
400 IM,Tommy Bried,219.28,USNTL
400 IM,Mason Laur,219.32,USNTL
400 IM,Lorne Wigginton,219.76,USNTL
400 IM,Eric Brown,219.89,USNTL
400 IM,Drew Hitchcock,219.98,NCAA B
400 IM,Kyle Ponsler,220.05,USNTL
400 IM,Danny Schmidt,220.29,NCAA B
400 IM,Jack Hoagland,220.40,NCAA B
400 IM,Krzysztof Chmielewski,220.57,NCAA B
400 IM,Dominik Torok,220.59,NCAA B
400 IM,Ben Delmar,220.61,USNTL
400 IM,Mitchell Schott,220.69,NCAA B
400 IM,Max MATTEAZZI,220.89,USNTL
400 IM,Tyler Kopp,220.97,NCAA B
400 IM,Gregg Enoch,221.10,USNTL
400 IM,Ryan Merani,221.12,USNTL
400 IM,Ben Sampson,221.16,USNTL
400 IM,Humberto Najera,221.25,NCAA B
400 IM,Toby Barnett,221.27,USNTL
400 IM,Michael Hochwalt,221.40,NCAA B
400 IM,Daniel Matheson,221.45,NCAA B
400 IM,Gibson Holmes,221.59,NCAA B
400 IM,Munzy Kabbara,221.61,USNTL
400 IM,Owen McDonald,221.69,USNTL
400 IM,Lucas Henveaux,222.05,NCAA B
400 IM,Landon D'Ariano,222.20,USNTL
400 IM,Joshua Zuchowski,222.22,NCAA B
400 IM,Cale Martter,222.29,NCAA B
400 IM,Jackson millard,222.31,USNTL
400 IM,Lucas Piunti,222.33,USNTL
400 IM,Louis Dramm,222.42,USNTL
400 IM,Levi Sandidge,222.52,USNTL
400 IM,Marton Nagy,222.64,NCAA B
400 IM,Diego Nosack,222.70,USNTL
400 IM,Kyle Brill,222.81,NCAA B
400 IM,Cotton Fields,222.85,NCAA B
400 IM,Ryan Healy,222.85,USNTL
400 IM,Spencer Aurnou-Rhees,223.21,USNTL
400 IM,Peter Whittington,223.25,USNTL
400 IM,Matthew Styczen,223.30,USNTL
400 IM,Zalán Sarkany,223.36,USNTL
400 IM,William Bansberg,223.63,USNTL
400 IM,Josh Parent,223.69,USNTL
1650 Free,David Johnston,866.00,NCAA A
1650 Free,Lucas Henveaux,869.74,NCAA A
1650 Free,Rex Maurer,870.47,NCAA A
1650 Free,Levi Sandidge,870.61,NCAA A
1650 Free,Owen Lloyd,871.64,NCAA A
1650 Free,Noah Millard,873.47,NCAA A
1650 Free,Liam Custer,876.44,NCAA A
1650 Free,Zalán Sarkany,877.49,USNTL
1650 Free,Lance Norris,878.69,USNTL
1650 Free,Daniel Matheson,883.46,NCAA B
1650 Free,Carson Hick,883.70,USNTL
1650 Free,Mert Kilavuz,884.90,NCAA B
1650 Free,Mason Mathias,885.11,NCAA B
1650 Free,Jackson Huckabay,885.18,USNTL
1650 Free,Gio Linscheer,885.25,USNTL
1650 Free,Leonardo Alcantara,885.45,NCAA B
1650 Free,Mason Edmund,885.81,USNTL
1650 Free,Krzysztof Chmielewski,886.87,NCAA B
1650 Free,Connor Fry,886.89,NCAA B
1650 Free,Nikola Simic,887.23,USNTL
1650 Free,Jake Mitchell,887.44,USNTL
1650 Free,Charlie Clark,887.44,USNTL
1650 Free,Tomas Koski,887.73,NCAA B
1650 Free,Joey Tepper,888.01,USNTL
1650 Free,Jon Jøntvedt,888.20,USNTL
1650 Free,Josh Parent,888.46,USNTL
1650 Free,Mark Kovacsics,888.48,NCAA B
1650 Free,Bar Soloveychik,888.67,USNTL
1650 Free,Freddy Klein,888.74,NCAA B
1650 Free,Will Gallant,888.80,USNTL
1650 Free,Matthew Chai,889.02,NCAA B
1650 Free,Sam Campbell,889.25,USNTL
1650 Free,Chris Nagy,889.30,USNTL
1650 Free,Luke Corey,889.56,USNTL
1650 Free,Manning Haskal,889.64,USNTL
1650 Free,Luke Whitlock,889.90,USNTL
1650 Free,Eli Shoyat,890.05,USNTL
1650 Free,Gabe MACHADO,890.37,NCAA B
1650 Free,Jovan Lekic,890.90,USNTL
1650 Free,Silas Beth,891.39,USNTL
1650 Free,Tyler Kopp,891.43,NCAA B
1650 Free,Michael Bonson,892.02,NCAA B
1650 Free,Josh Staples,893.20,USNTL
1650 Free,Trey Dickey,893.63,USNTL
1650 Free,Joshua Brown,893.71,USNTL
1650 Free,Panos VLACHOGIANNAKOS,894.34,NCAA B
1650 Free,jacob pins,894.41,NCAA B
1650 Free,Oskar Lindholm,894.76,USNTL
1650 Free,Laci Galicz,894.77,NCAA B
1650 Free,Reece Grady,895.22,NCAA B
